{"files":{"application-eba48fbaffc17198e41767c5c86bd146d559cf1c1e2c443f7e354974e0eb24d4.js":{"logical_path":"application.js","mtime":"2017-07-08T11:00:58-04:00","size":420352,"digest":"eba48fbaffc17198e41767c5c86bd146d559cf1c1e2c443f7e354974e0eb24d4","integrity":"sha256-66SPuv/BcZjkF2fFyGvRRtVZzxweLEQ/fjVJdODrJNQ="},"application-deaf9dff6fd473d3a058e3ce5a367383261ca4b64cbe6ac48db24ef156efd4e7.css":{"logical_path":"application.css","mtime":"2017-07-08T11:00:51-04:00","size":133107,"digest":"deaf9dff6fd473d3a058e3ce5a367383261ca4b64cbe6ac48db24ef156efd4e7","integrity":"sha256-3q+d/2/Uc9OgWOPOWjZzgyYcpLZMvmrEjbJO8Vbv1Oc="},"bootstrap/glyphicons-halflings-regular-13634da87d9e23f8c3ed9108ce1724d183a39ad072e73e1b3d8cbf646d2d0407.eot":{"logical_path":"bootstrap/glyphicons-halflings-regular.eot","mtime":"2017-07-08T11:00:51-04:00","size":20127,"digest":"13634da87d9e23f8c3ed9108ce1724d183a39ad072e73e1b3d8cbf646d2d0407","integrity":"sha256-E2NNqH2eI/jD7ZEIzhck0YOjmtBy5z4bPYy/ZG0tBAc="},"bootstrap/glyphicons-halflings-regular-42f60659d265c1a3c30f9fa42abcbb56bd4a53af4d83d316d6dd7a36903c43e5.svg":{"logical_path":"bootstrap/glyphicons-halflings-regular.svg","mtime":"2017-07-08T11:00:51-04:00","size":108738,"digest":"42f60659d265c1a3c30f9fa42abcbb56bd4a53af4d83d316d6dd7a36903c43e5","integrity":"sha256-QvYGWdJlwaPDD5+kKry7Vr1KU69Ng9MW1t16NpA8Q+U="},"bootstrap/glyphicons-halflings-regular-e395044093757d82afcb138957d06a1ea9361bdcf0b442d06a18a8051af57456.ttf":{"logical_path":"bootstrap/glyphicons-halflings-regular.ttf","mtime":"2017-07-08T11:00:51-04:00","size":45404,"digest":"e395044093757d82afcb138957d06a1ea9361bdcf0b442d06a18a8051af57456","integrity":"sha256-45UEQJN1fYKvyxOJV9BqHqk2G9zwtELQahioBRr1dFY="},"bootstrap/glyphicons-halflings-regular-a26394f7ede100ca118eff2eda08596275a9839b959c226e15439557a5a80742.woff":{"logical_path":"bootstrap/glyphicons-halflings-regular.woff","mtime":"2017-07-08T11:00:51-04:00","size":23424,"digest":"a26394f7ede100ca118eff2eda08596275a9839b959c226e15439557a5a80742","integrity":"sha256-omOU9+3hAMoRjv8u2ghZYnWpg5uVnCJuFUOVV6WoB0I="},"bootstrap/glyphicons-halflings-regular-fe185d11a49676890d47bb783312a0cda5a44c4039214094e7957b4c040ef11c.woff2":{"logical_path":"bootstrap/glyphicons-halflings-regular.woff2","mtime":"2017-07-08T11:00:51-04:00","size":18028,"digest":"fe185d11a49676890d47bb783312a0cda5a44c4039214094e7957b4c040ef11c","integrity":"sha256-/hhdEaSWdokNR7t4MxKgzaWkTEA5IUCU55V7TAQO8Rw="}},"assets":{"application.js":"application-eba48fbaffc17198e41767c5c86bd146d559cf1c1e2c443f7e354974e0eb24d4.js","application.css":"application-deaf9dff6fd473d3a058e3ce5a367383261ca4b64cbe6ac48db24ef156efd4e7.css","bootstrap/glyphicons-halflings-regular.eot":"bootstrap/glyphicons-halflings-regular-13634da87d9e23f8c3ed9108ce1724d183a39ad072e73e1b3d8cbf646d2d0407.eot","bootstrap/glyphicons-halflings-regular.svg":"bootstrap/glyphicons-halflings-regular-42f60659d265c1a3c30f9fa42abcbb56bd4a53af4d83d316d6dd7a36903c43e5.svg","bootstrap/glyphicons-halflings-regular.ttf":"bootstrap/glyphicons-halflings-regular-e395044093757d82afcb138957d06a1ea9361bdcf0b442d06a18a8051af57456.ttf","bootstrap/glyphicons-halflings-regular.woff":"bootstrap/glyphicons-halflings-regular-a26394f7ede100ca118eff2eda08596275a9839b959c226e15439557a5a80742.woff","bootstrap/glyphicons-halflings-regular.woff2":"bootstrap/glyphicons-halflings-regular-fe185d11a49676890d47bb783312a0cda5a44c4039214094e7957b4c040ef11c.woff2"}}